source_kind,source_path,url,ok,status,final_url,title,link_count,webapp_link_count,firebase_link_count,contains_webapp_text,contains_firebase_text,notes
marketing,marketing/public/academy/apply/index.html,https://socioprophet.com/academy/apply/,True,200,https://socioprophet.com/academy/apply/,Apply — Academy,10,0,0,False,False,
marketing,marketing/public/academy/index.html,https://socioprophet.com/academy/,True,200,https://socioprophet.com/academy/,Academy — SocioProphet,23,0,0,False,False,
marketing,marketing/public/auth/connections/index.html,https://socioprophet.com/auth/connections/,True,200,https://socioprophet.com/auth/connections/,SocioProphet — Provider Connections,9,0,0,False,False,
marketing,marketing/public/auth/index.html,https://socioprophet.com/auth/,True,200,https://socioprophet.com/auth/,SocioProphet — Auth & Connections,14,0,0,False,False,
marketing,marketing/public/auth/recovery/index.html,https://socioprophet.com/auth/recovery/,True,200,https://socioprophet.com/auth/recovery/,SocioProphet — Connection Recovery,5,0,0,False,False,
marketing,marketing/public/auth/sign-in/index.html,https://socioprophet.com/auth/sign-in/,True,200,https://socioprophet.com/auth/sign-in/,SocioProphet — Platform Sign In,5,0,0,False,False,
marketing,marketing/public/digital/index.html,https://socioprophet.com/digital/,True,200,https://socioprophet.com/digital/,.digital · SocioProphet,12,0,0,False,False,
docs-guide,docs/guide/academy-guardian-rights-sensitive-reports-and-escalation.md,https://socioprophet.com/documentation/academy-guardian-rights-sensitive-reports-and-escalation/,True,200,https://socioprophet.com/documentation/academy-guardian-rights-sensitive-reports-and-escalation/,"Academy Guardian Rights, Sensitive Reports, and Escalation | SocioProphet",57,0,0,False,False,
docs-guide,docs/guide/academy-interaction-contract.md,https://socioprophet.com/documentation/academy-interaction-contract/,True,200,https://socioprophet.com/documentation/academy-interaction-contract/,Academy Interaction Contract | SocioProphet,60,0,0,False,False,
docs-guide,docs/guide/academy-policy-index.md,https://socioprophet.com/documentation/academy-policy-index/,True,200,https://socioprophet.com/documentation/academy-policy-index/,Academy Policy Index | SocioProphet,59,0,0,False,False,
docs-guide,docs/guide/academy-safeguarding-and-minor-protection.md,https://socioprophet.com/documentation/academy-safeguarding-and-minor-protection/,True,200,https://socioprophet.com/documentation/academy-safeguarding-and-minor-protection/,Academy Safeguarding and Minor Protection | SocioProphet,59,0,0,False,False,
docs-guide,docs/guide/agent-corps-and-operational-roles.md,https://socioprophet.com/documentation/agent-corps-and-operational-roles/,True,200,https://socioprophet.com/documentation/agent-corps-and-operational-roles/,Agent Corps and Operational Roles | SocioProphet,59,0,0,False,False,
docs-guide,docs/guide/agent-plane-and-operator-workflows.md,https://socioprophet.com/documentation/agent-plane-and-operator-workflows/,True,200,https://socioprophet.com/documentation/agent-plane-and-operator-workflows/,Agent Plane and Operator Workflows | SocioProphet,73,0,0,False,False,
docs-guide,docs/guide/architecture.md,https://socioprophet.com/documentation/architecture/,True,200,https://socioprophet.com/documentation/architecture/,Architecture | SocioProphet,120,0,0,False,False,
docs-guide,docs/guide/auth-and-connections.md,https://socioprophet.com/documentation/auth-and-connections/,True,200,https://socioprophet.com/documentation/auth-and-connections/,Auth and Connections | SocioProphet,53,0,0,False,False,
docs-guide,docs/guide/auth-recovery-and-connection-health.md,https://socioprophet.com/documentation/auth-recovery-and-connection-health/,True,200,https://socioprophet.com/documentation/auth-recovery-and-connection-health/,Auth Recovery and Connection Health | SocioProphet,54,0,0,False,False,
docs-guide,docs/guide/authorized-cyberdefense-and-simulation.md,https://socioprophet.com/documentation/authorized-cyberdefense-and-simulation/,True,200,https://socioprophet.com/documentation/authorized-cyberdefense-and-simulation/,Authorized Cyberdefense and Simulation | SocioProphet,65,0,0,False,False,
docs-guide,docs/guide/boundary-centric-cyber-hypergraph.md,https://socioprophet.com/documentation/boundary-centric-cyber-hypergraph/,True,200,https://socioprophet.com/documentation/boundary-centric-cyber-hypergraph/,Boundary-Centric Cyber Hypergraph | SocioProphet,73,0,0,False,False,
docs-guide,docs/guide/canonical-platform-direction.md,https://socioprophet.com/documentation/canonical-platform-direction/,True,200,https://socioprophet.com/documentation/canonical-platform-direction/,Canonical Platform Direction | SocioProphet,66,0,0,False,False,
docs-guide,docs/guide/deterministic-ai-and-mathematical-safety.md,https://socioprophet.com/documentation/deterministic-ai-and-mathematical-safety/,True,200,https://socioprophet.com/documentation/deterministic-ai-and-mathematical-safety/,Deterministic AI and Mathematical Safety | SocioProphet,68,0,0,False,False,
docs-guide,docs/guide/digital-trust-and-capability-routing.md,https://socioprophet.com/documentation/digital-trust-and-capability-routing/,True,200,https://socioprophet.com/documentation/digital-trust-and-capability-routing/,Digital Trust and Capability Routing | SocioProphet,57,0,0,False,False,
docs-guide,docs/guide/domain-surface.md,https://socioprophet.com/documentation/domain-surface/,True,200,https://socioprophet.com/documentation/domain-surface/,Digital / Trust Surface | SocioProphet,52,0,0,False,False,
docs-guide,docs/guide/entity-analytics-overview.md,https://socioprophet.com/documentation/entity-analytics-overview/,True,200,https://socioprophet.com/documentation/entity-analytics-overview/,Entity Analytics Overview | SocioProphet,83,0,0,False,False,
docs-guide,docs/guide/entity-analytics-reference.md,https://socioprophet.com/documentation/entity-analytics-reference/,True,200,https://socioprophet.com/documentation/entity-analytics-reference/,Entity Analytics Reference | SocioProphet,99,0,0,False,False,
docs-guide,docs/guide/entity-graph-and-safe-linkage.md,https://socioprophet.com/documentation/entity-graph-and-safe-linkage/,True,200,https://socioprophet.com/documentation/entity-graph-and-safe-linkage/,Entity Graph and Safe Linkage | SocioProphet,54,0,0,False,False,
docs-guide,docs/guide/getting-started.md,https://socioprophet.com/documentation/getting-started/,True,200,https://socioprophet.com/documentation/getting-started/,Getting Started | SocioProphet,79,0,0,False,False,
docs-guide,docs/guide/governed-ai-and-cybernetics.md,https://socioprophet.com/documentation/governed-ai-and-cybernetics/,True,200,https://socioprophet.com/documentation/governed-ai-and-cybernetics/,Governed AI and Cybernetics | SocioProphet,70,0,0,False,False,
docs-guide,docs/guide/governed-cybernetic-stack.md,https://socioprophet.com/documentation/governed-cybernetic-stack/,True,200,https://socioprophet.com/documentation/governed-cybernetic-stack/,Governed Cybernetic Stack | SocioProphet,66,0,0,False,False,
docs-guide,docs/guide/guardian-consent-and-minor-access-model.md,https://socioprophet.com/documentation/guardian-consent-and-minor-access-model/,True,200,https://socioprophet.com/documentation/guardian-consent-and-minor-access-model/,Guardian Consent and Minor Access Model | SocioProphet,58,0,0,False,False,
docs-guide,docs/guide/hybrid-representation-builder.md,https://socioprophet.com/documentation/hybrid-representation-builder/,True,200,https://socioprophet.com/documentation/hybrid-representation-builder/,Hybrid Representation Builder | SocioProphet,60,0,0,False,False,
docs-guide,docs/guide/identity-prime-and-event-ir.md,https://socioprophet.com/documentation/identity-prime-and-event-ir/,True,200,https://socioprophet.com/documentation/identity-prime-and-event-ir/,Identity Prime and Event-IR | SocioProphet,55,0,0,False,False,
docs-entry,docs/index.md,https://socioprophet.com/documentation/,True,200,https://socioprophet.com/documentation/,SocioProphet Docs | SocioProphet,33,0,0,False,False,
docs-guide,docs/guide/intake-udm-schema.md,https://socioprophet.com/documentation/intake-udm-schema/,True,200,https://socioprophet.com/documentation/intake-udm-schema/,Intake UDM + Release Schema | SocioProphet,54,0,0,False,True,
docs-guide,docs/guide/lsa-lsi-lda-geometry.md,https://socioprophet.com/documentation/lsa-lsi-lda-geometry/,True,200,https://socioprophet.com/documentation/lsa-lsi-lda-geometry/,LSA / LSI / LDA Geometry | SocioProphet,59,0,0,False,False,
docs-guide,docs/guide/marketer-safe-outputs-and-segment-proofs.md,https://socioprophet.com/documentation/marketer-safe-outputs-and-segment-proofs/,False,,,,0,0,0,False,False,error=TimeoutError:The read operation timed out
docs-guide,docs/guide/operating-modes-learning-and-defense.md,https://socioprophet.com/documentation/operating-modes-learning-and-defense/,True,200,https://socioprophet.com/documentation/operating-modes-learning-and-defense/,Operating Modes: Learning and Defense | SocioProphet,61,0,0,False,False,
docs-guide,docs/guide/organizations-governance-and-institutional-safety.md,https://socioprophet.com/documentation/organizations-governance-and-institutional-safety/,True,200,https://socioprophet.com/documentation/organizations-governance-and-institutional-safety/,Organizations Governance and Institutional Safety | SocioProphet,77,0,0,False,False,
docs-guide,docs/guide/platform-human-protection-and-safeguarding.md,https://socioprophet.com/documentation/platform-human-protection-and-safeguarding/,True,200,https://socioprophet.com/documentation/platform-human-protection-and-safeguarding/,Platform Human Protection and Safeguarding | SocioProphet,55,0,0,False,False,
docs-guide,docs/guide/policy-constrained-merging-and-unmerge.md,https://socioprophet.com/documentation/policy-constrained-merging-and-unmerge/,True,200,https://socioprophet.com/documentation/policy-constrained-merging-and-unmerge/,Policy-Constrained Merging and Unmerge | SocioProphet,54,0,0,False,False,
docs-guide,docs/guide/product-surface-maturity-matrix.md,https://socioprophet.com/documentation/product-surface-maturity-matrix/,True,200,https://socioprophet.com/documentation/product-surface-maturity-matrix/,Product Surface Maturity Matrix | SocioProphet,51,0,0,False,False,
docs-guide,docs/guide/product-surface-standard.md,https://socioprophet.com/documentation/product-surface-standard/,True,200,https://socioprophet.com/documentation/product-surface-standard/,Product Surface Standard | SocioProphet,56,0,0,False,False,
docs-guide,docs/guide/products/academy.md,https://socioprophet.com/documentation/products/academy/,True,200,https://socioprophet.com/documentation/products/academy/,Academy | SocioProphet,52,0,0,False,False,
docs-guide,docs/guide/products/ai.md,https://socioprophet.com/documentation/products/ai/,True,200,https://socioprophet.com/documentation/products/ai/,AI Platform | SocioProphet,52,0,0,False,False,
docs-guide,docs/guide/products/blog.md,https://socioprophet.com/documentation/products/blog/,True,200,https://socioprophet.com/documentation/products/blog/,Blog | SocioProphet,52,0,0,False,False,
docs-guide,docs/guide/products/cloud.md,https://socioprophet.com/documentation/products/cloud/,True,200,https://socioprophet.com/documentation/products/cloud/,Cloud Suite | SocioProphet,52,0,0,False,False,
docs-guide,docs/guide/products/dev.md,https://socioprophet.com/documentation/products/dev/,True,200,https://socioprophet.com/documentation/products/dev/,Developer | SocioProphet,52,0,0,False,False,
docs-guide,docs/guide/products/io.md,https://socioprophet.com/documentation/products/io/,True,200,https://socioprophet.com/documentation/products/io/,SocioProphet.io — I/O Plane | SocioProphet,50,0,0,False,False,
docs-guide,docs/guide/products/kg.md,https://socioprophet.com/documentation/products/kg/,True,200,https://socioprophet.com/documentation/products/kg/,SocioProphet.kg — Knowledge Graph | SocioProphet,50,0,0,False,False,
docs-guide,docs/guide/products/kr.md,https://socioprophet.com/documentation/products/kr/,True,200,https://socioprophet.com/documentation/products/kr/,SocioProphet.kr — Knowledge Representation | SocioProphet,50,0,0,False,False,
docs-guide,docs/guide/products/law.md,https://socioprophet.com/documentation/products/law/,True,200,https://socioprophet.com/documentation/products/law/,Law | SocioProphet,52,0,0,False,False,
docs-guide,docs/guide/products/live.md,https://socioprophet.com/documentation/products/live/,True,200,https://socioprophet.com/documentation/products/live/,Live Builds | SocioProphet,52,0,0,False,False,
docs-guide,docs/guide/products/medical.md,https://socioprophet.com/documentation/products/medical/,True,200,https://socioprophet.com/documentation/products/medical/,Medical | SocioProphet,52,0,0,False,False,
docs-guide,docs/guide/products/overview.md,https://socioprophet.com/documentation/products/overview/,True,200,https://socioprophet.com/documentation/products/overview/,Product Surface Overview | SocioProphet,51,0,0,False,False,
docs-guide,docs/guide/products/sh.md,https://socioprophet.com/documentation/products/sh/,True,200,https://socioprophet.com/documentation/products/sh/,SocioProphet.sh — Installers + Cloud Shell | SocioProphet,50,0,0,False,False,
docs-guide,docs/guide/products/socios-host.md,https://socioprophet.com/documentation/products/socios-host/,True,200,https://socioprophet.com/documentation/products/socios-host/,Socios.host — k3s Digital Twin | SocioProphet,50,0,0,False,False,
docs-guide,docs/guide/products/truthorbot.md,https://socioprophet.com/documentation/products/truthorbot/,True,200,https://socioprophet.com/documentation/products/truthorbot/,Truthorbot.org/.net — Adversarial Eval | SocioProphet,50,0,0,False,False,
docs-guide,docs/guide/products/wiki.md,https://socioprophet.com/documentation/products/wiki/,True,200,https://socioprophet.com/documentation/products/wiki/,Wiki | SocioProphet,52,0,0,False,False,
docs-guide,docs/guide/provenance-promotion-and-reversibility.md,https://socioprophet.com/documentation/provenance-promotion-and-reversibility/,True,200,https://socioprophet.com/documentation/provenance-promotion-and-reversibility/,"Provenance, Promotion, and Reversibility | SocioProphet",59,0,0,False,False,
docs-guide,docs/guide/provider-capability-routing.md,https://socioprophet.com/documentation/provider-capability-routing/,True,200,https://socioprophet.com/documentation/provider-capability-routing/,Provider Capability Routing | SocioProphet,57,0,0,False,False,
docs-guide,docs/guide/provider-safety-and-capability-eligibility.md,https://socioprophet.com/documentation/provider-safety-and-capability-eligibility/,True,200,https://socioprophet.com/documentation/provider-safety-and-capability-eligibility/,Provider Safety and Capability Eligibility | SocioProphet,58,0,0,False,False,
docs-guide,docs/guide/public-vs-restricted-security-boundary.md,https://socioprophet.com/documentation/public-vs-restricted-security-boundary/,True,200,https://socioprophet.com/documentation/public-vs-restricted-security-boundary/,Public vs Restricted Security Boundary | SocioProphet,65,0,0,False,False,
docs-guide,docs/guide/semantic-model-workstreams.md,https://socioprophet.com/documentation/semantic-model-workstreams/,True,200,https://socioprophet.com/documentation/semantic-model-workstreams/,Semantic Model Workstreams | SocioProphet,66,0,0,False,False,
docs-guide,docs/guide/semantic-representation-ladder.md,https://socioprophet.com/documentation/semantic-representation-ladder/,True,200,https://socioprophet.com/documentation/semantic-representation-ladder/,Semantic Representation Ladder | SocioProphet,54,0,0,False,False,
docs-guide,docs/guide/semantic-vector-stack.md,https://socioprophet.com/documentation/semantic-vector-stack/,True,200,https://socioprophet.com/documentation/semantic-vector-stack/,Semantic Vector Stack | SocioProphet,60,0,0,False,False,
docs-guide,docs/guide/surface-inventory.md,https://socioprophet.com/documentation/surface-inventory/,True,200,https://socioprophet.com/documentation/surface-inventory/,Surface Inventory | SocioProphet,83,0,0,False,False,
docs-guide,docs/guide/temporal-graph-evolution.md,https://socioprophet.com/documentation/temporal-graph-evolution/,True,200,https://socioprophet.com/documentation/temporal-graph-evolution/,Temporal Graph Evolution | SocioProphet,57,0,0,False,False,
docs-guide,docs/guide/twenty-three-topic-canon.md,https://socioprophet.com/documentation/twenty-three-topic-canon/,True,200,https://socioprophet.com/documentation/twenty-three-topic-canon/,23-Topic Canon | SocioProphet,61,0,0,False,False,
docs-guide,docs/guide/worked-example-michael-cross-context.md,https://socioprophet.com/documentation/worked-example-michael-cross-context/,True,200,https://socioprophet.com/documentation/worked-example-michael-cross-context/,Worked Example: Michael Cross-Context | SocioProphet,71,0,0,False,False,
marketing,marketing/public/entity-analytics/index.html,https://socioprophet.com/entity-analytics/,True,200,https://socioprophet.com/entity-analytics/,SocioProphet — Entity Analytics,13,0,0,False,False,
marketing,marketing/public/index.html,https://socioprophet.com/,True,200,https://socioprophet.com/,SocioProphet,36,0,0,False,False,
marketing,marketing/public/investor/index.html,https://socioprophet.com/investor/,True,200,https://socioprophet.com/investor/,Investor — SocioProphet,3,0,0,False,False,
marketing,marketing/public/map/index.html,https://socioprophet.com/map/,True,200,https://socioprophet.com/map/,Prophet Platform Explorer — SocioProphet,0,0,0,False,False,
marketing,marketing/public/organizations/apply/index.html,https://socioprophet.com/organizations/apply/,True,200,https://socioprophet.com/organizations/apply/,Organizations Apply — SocioProphet,11,0,0,False,False,
marketing,marketing/public/organizations/index.html,https://socioprophet.com/organizations/,True,200,https://socioprophet.com/organizations/,Organizations — SocioProphet,17,0,0,False,False,
marketing,marketing/public/privacy/index.html,https://socioprophet.com/privacy/,True,200,https://socioprophet.com/privacy/,Privacy — SocioProphet,0,0,0,False,False,
marketing,marketing/public/terms/index.html,https://socioprophet.com/terms/,True,200,https://socioprophet.com/terms/,Terms — SocioProphet,0,0,0,False,False,
